,DCV ($/bu),DCV ($/car)
DCV ($/car),0.9999999999999994,1.0
DCV ($/bu),1.0,0.9999999999999994
