,DCV ($/bu),DCV ($/car)
DCV ($/car),325.0352119559654,1137623.2418458816
DCV ($/bu),0.09286720341598997,325.0352119559654
